Domain,Status,Attractiveness,Demand,Length,Sectors,Created,Expires,Registrar
complete.vet,available,120,21%,8,"Manufacturing,Retail,Technology",,,
wizard.vet,available,118,42%,6,"Entertainment,Media,Technology",,,
tenth.vet,available,116,7%,5,Mathematics,,,
equal.vet,available,116,19%,5,"Education,General,Law",,,
flat.vet,available,116,24%,4,"Construction,Real Estate",,,
tonic.vet,available,114,22%,5,"Health and Fitness,Medicine,Science",,,
hotshot.vet,available,112,14%,7,"Business,Entertainment,Sports",,,
acute.vet,available,112,9%,5,"Mathematics,Medicine,Science",,,
above.vet,available,112,22%,5,Business,,,
abstract.vet,available,108,29%,8,"Arts,Humanities,Science",,,
abiding.vet,available,106,5%,7,"General,Religion",,,
teen.vet,available,104,14%,4,"Education,Entertainment,Healthcare",,,
active.vet,available,104,27%,6,"Health and Fitness,Sports,Travel",,,
eight.vet,available,102,23%,5,"General,Mathematics",,,
absent.vet,available,102,8%,6,"Business,Education,Technology",,,
extra.vet,expiring,102,26%,5,"Fashion,Retail,Technology",07/09/2021 09:38,07/09/2025 09:38,Squarespace Domains II LLC
captive.vet,available,102,14%,7,"Entertainment,Hospitality,Technology",,,
eighth.vet,available,100,6%,6,Mathematics,,,
abrupt.vet,available,100,3%,6,"Medicine,Science",,,
adjunct.vet,available,100,5%,7,Education,,,
ninth.vet,available,100,9%,5,Mathematics,,,
crack.vet,available,100,20%,5,Sports,,,
sixth.vet,available,100,8%,5,Mathematics,,,
third.vet,available,100,16%,5,Mathematics,,,
whiz.vet,available,100,12%,4,"Business,Education,Technology",,,
remove.vet,available,100,13%,6,"Construction,Manufacturing,Technology",,,
whizz.vet,available,98,11%,5,"Business,Education,Technology",,,
actual.vet,available,96,22%,6,"Real Estate,Retail,Technology",,,
doable.vet,available,96,9%,6,"Business,Education,Technology",,,
alamode.vet,available,96,12%,9,Fashion,,,
academic.vet,available,96,20%,8,"Education,Humanities,Science",,,
forgiving.vet,available,96,3%,9,"Healthcare,Religion",,,
about.vet,available,94,28%,5,"Business,General,Media,Technology",,,
abject.vet,available,94,7%,6,Humanities,,,
virtuoso.vet,available,94,16%,8,"Arts,Entertainment",,,
adequate.vet,available,94,9%,8,"Education,Healthcare,Technology",,,
around.vet,available,94,22%,6,"Business,General,Media,Technology",,,
adept.vet,available,92,24%,5,"Education,Health and Fitness,Sports",,,
twentieth.vet,available,92,3%,9,Mathematics,,,
next.vet,available,92,43%,4,"Retail,Technology,Transportation",,,
nought.vet,available,92,4%,6,Mathematics,,,
neutral.vet,available,92,20%,7,"Business,Media,Politics",,,
exemplary.vet,available,92,5%,9,"Business,Education,Healthcare",,,
derelict.vet,available,92,7%,8,"Construction,Real Estate",,,
adjective.vet,available,92,5%,9,Education,,,
abroad.vet,available,92,12%,6,"Hospitality,Travel",,,
addictive.vet,available,90,9%,9,Healthcare,,,
endearing.vet,available,90,1%,9,"Entertainment,Fashion,Retail",,,
gripping.vet,available,90,3%,8,"Entertainment,Media,Technology",,,
adoring.vet,available,90,2%,7,"Entertainment,Fashion,Retail",,,
riveting.vet,available,90,6%,8,"Entertainment,Media,Technology",,,
additional.vet,available,90,8%,10,"Fashion,Retail,Technology",,,
leash.vet,available,90,7%,5,"General,Health and Fitness,Retail",,,
abortive.vet,available,90,1%,8,"Medicine,Science",,,
ace.vet,available,88,34%,3,Sports,,,
adlib.vet,available,88,7%,6,Entertainment,,,
fifteen.vet,available,88,13%,7,Mathematics,,,
eleven.vet,available,88,33%,6,Mathematics,,,
ten.vet,available,88,28%,3,"General,Mathematics",,,
proficient.vet,available,88,8%,10,"Education,Health and Fitness,Sports",,,
hundred.vet,available,88,14%,7,Mathematics,,,
actionable.vet,available,88,13%,10,"Business,Law",,,
activist.vet,available,88,12%,8,"Humanities,Politics",,,
three.vet,available,88,24%,5,Mathematics,,,
sixteen.vet,available,88,11%,7,Mathematics,,,
twelve.vet,available,88,18%,6,"General,Mathematics",,,
wide.vet,available,88,18%,4,"Business,Media,Technology",,,
extempore.vet,available,86,3%,9,Entertainment,,,
attendant.vet,available,86,5%,9,"Healthcare,Hospitality,Transportation",,,
intent.vet,available,86,25%,6,"Business,Education,Technology",,,
engrossing.vet,available,86,0%,10,"Entertainment,Media,Technology",,,
recondite.vet,available,86,4%,9,"Arts,Humanities,Science",,,
xix.vet,available,86,11%,3,Mathematics,,,
adolescent.vet,available,86,3%,10,"Education,Entertainment,Healthcare",,,
xiv.vet,available,86,12%,3,Mathematics,,,
aboriginal.vet,available,86,10%,10,Humanities,,,
cipher.vet,available,86,29%,6,Mathematics,,,
acting.vet,available,84,12%,6,Entertainment,,,
seventeen.vet,available,84,7%,9,Mathematics,,,
accessory.vet,available,84,8%,9,"Fashion,Retail,Technology",,,
thirteen.vet,available,84,10%,8,Mathematics,,,
deviate.vet,available,84,12%,7,"Medicine,Science",,,
nineteen.vet,available,84,8%,8,Mathematics,,,
thousand.vet,available,84,8%,8,Mathematics,,,
sharp.vet,available,84,34%,5,"Arts,Fashion",,,
twentyone.vet,available,84,13%,10,Mathematics,,,
fourteen.vet,available,84,8%,8,Mathematics,,,
adjustable.vet,available,84,3%,10,"Manufacturing,Retail,Technology",,,
absorbent.vet,available,82,3%,9,"Healthcare,Manufacturing,Retail",,,
abkhaz.vet,available,82,1%,6,Geography,,,
abdominal.vet,available,82,1%,9,"Health and Fitness,Medicine",,,
enduring.vet,available,82,9%,8,"Health and Fitness,Religion",,,
fivesome.vet,available,82,1%,8,Sports,,,
impromptu.vet,available,82,16%,9,Entertainment,,,
decade.vet,available,82,10%,6,Mathematics,,,
cleansing.vet,available,82,3%,9,Health and Fitness,,,
abroach.vet,available,82,1%,7,Food and Beverage,,,
altered.vet,available,82,9%,7,"Medicine,Science",,,
dozen.vet,available,82,10%,5,Mathematics,,,
abenaki.vet,available,82,2%,7,Geography,,,
adoptable.vet,available,80,3%,9,"Education,Healthcare",,,
absorbable.vet,available,80,0%,10,"Healthcare,Pharmaceuticals,Science",,,
dorsal.vet,available,80,6%,6,"Medicine,Science",,,
some.vet,available,80,32%,4,"Business,Media,Retail",,,
seventh.vet,available,80,10%,7,Mathematics,,,
abundant.vet,available,80,19%,8,"Agriculture,Manufacturing,Retail",,,
capable.vet,available,80,12%,7,"Business,Education,Technology",,,
wiz.vet,available,80,30%,3,"Business,Education,Technology",,,
absolute.vet,available,80,25%,8,"Engineering,Mathematics,Science",,,
trio.vet,available,80,21%,4,Entertainment,,,
nine.vet,available,80,24%,4,"General,Mathematics",,,
sequent.vet,available,80,7%,7,"Healthcare,Insurance,Transportation",,,
superstar.vet,available,80,18%,9,Entertainment,,,
worshipful.vet,available,80,1%,10,"Education,Healthcare,Religion",,,
twenty.vet,available,80,12%,6,Mathematics,,,
forty.vet,available,80,9%,5,Mathematics,,,
absurd.vet,available,80,16%,6,"Arts,Entertainment,Media",,,
accepted.vet,available,78,6%,8,"Business,Education,Technology",,,
sixtynine.vet,available,78,8%,10,Mathematics,,,
abounding.vet,available,78,2%,9,Agriculture,,,
twentysix.vet,available,78,8%,10,Mathematics,,,
accurate.vet,available,78,16%,8,"Engineering,Mathematics,Science",,,
acceptable.vet,available,78,5%,10,"Business,Hospitality,Retail",,,
recognised.vet,available,78,3%,10,"Business,Education,Technology",,,
athletic.vet,available,78,15%,8,"Health and Fitness,Sports",,,
recognized.vet,available,78,3%,10,"Business,Education,Technology",,,
adrenal.vet,available,78,4%,7,"Education,Healthcare,Science",,,
accessible.vet,available,78,21%,10,"Healthcare,Retail,Technology",,,
accidental.vet,available,78,11%,10,"Healthcare,Insurance,Transportation",,,
dormant.vet,available,78,4%,7,"Medicine,Science",,,
low.vet,available,78,20%,3,"Business,Finance",,,
adorable.vet,available,78,8%,8,"Entertainment,Fashion,Retail",,,
absorptive.vet,available,78,1%,10,"Healthcare,Manufacturing,Retail",,,
acceptant.vet,available,78,1%,9,"Education,Healthcare",,,
abkhazian.vet,available,78,1%,9,Geography,,,
abkhasian.vet,available,78,1%,9,Geography,,,
adjacent.vet,available,78,9%,8,"Construction,Real Estate,Retail",,,
honestly.vet,available,78,9%,8,"Business,Law",,,
obscene.vet,available,76,5%,7,"Entertainment,Media",,,
auxiliary.vet,available,76,7%,9,"Healthcare,Manufacturing,Technology",,,
abrasive.vet,available,76,6%,8,"Construction,Manufacturing",,,
ventral.vet,available,76,3%,7,Science,,,
fifteenth.vet,available,76,2%,9,Mathematics,,,
adaptable.vet,available,76,9%,9,"Business,Education,Technology",,,
thousandth.vet,available,76,1%,10,Mathematics,,,
threed.vet,available,76,7%,7,Technology,,,
adaptive.vet,available,76,28%,8,"Business,Education,Technology",,,
nineteenth.vet,available,76,3%,10,Mathematics,,,
acoustic.vet,available,76,14%,8,Science,,,
improvise.vet,available,76,4%,9,Entertainment,,,
eighteen.vet,available,76,7%,8,Mathematics,,,
firstrate.vet,available,76,6%,10,Business,,,
addable.vet,available,76,2%,7,"Engineering,Mathematics,Science",,,
ancillary.vet,available,76,6%,9,"Healthcare,Manufacturing,Technology",,,
fourteenth.vet,available,76,1%,10,Mathematics,,,
ague.vet,available,76,2%,4,"Geography,Medicine,Science",,,
resultant.vet,available,76,2%,9,"Healthcare,Insurance,Transportation",,,
thirteenth.vet,available,76,4%,10,Mathematics,,,
hundredth.vet,available,76,1%,9,Mathematics,,,
adherent.vet,available,76,4%,8,"Politics,Religion",,,
adhesive.vet,available,76,7%,8,"Construction,Manufacturing,Technology",,,
adipose.vet,available,76,2%,7,"Healthcare,Science",,,
incidental.vet,available,76,4%,10,"Healthcare,Insurance,Transportation",,,
energizing.vet,available,76,3%,10,"Food and Beverage,Health and Fitness,Travel",,,
mavin.vet,available,74,7%,5,"Entertainment,Fashion,Technology",,,
achievable.vet,available,74,4%,10,"Business,Education,Technology",,,
admirable.vet,available,74,5%,9,"Business,Education,Healthcare",,,
adamant.vet,available,74,14%,7,Religion,,,
accepting.vet,available,74,3%,9,"Education,Healthcare",,,
supra.vet,resell,74,25%,5,"Medicine,Science",08/08/2023 12:54,08/08/2026 12:54,"NameCheap, Inc."
aberrant.vet,available,74,6%,8,"Medicine,Science",,,
skilful.vet,available,74,3%,7,"Education,Health and Fitness,Sports",,,
abnormal.vet,available,74,16%,8,"Medicine,Science",,,
single.vet,available,74,19%,6,Sports,,,
broad.vet,available,74,13%,5,"Entertainment,General,Media",,,
cleared.vet,available,74,7%,7,"Healthcare,Law,Transportation",,,
adenoid.vet,available,74,1%,7,"Health and Fitness,Medicine,Science",,,
playing.vet,available,74,12%,7,Entertainment,,,
realizable.vet,available,74,1%,10,"Business,Education,Technology",,,
adapted.vet,available,74,6%,7,"Healthcare,Manufacturing,Technology",,,
manageable.vet,available,74,4%,10,"Business,Education,Technology",,,
activated.vet,available,74,9%,9,"Healthcare,Manufacturing,Technology",,,
acuate.vet,available,74,2%,6,"Engineering,Medicine,Science",,,
adrenergic.vet,available,74,1%,10,"Education,Healthcare,Science",,,
sensation.vet,available,74,7%,9,"Entertainment,Media,Sports",,,
ablaze.vet,available,72,6%,6,Entertainment,,,
adjunctive.vet,available,72,1%,10,"Healthcare,Manufacturing,Technology",,,
seventieth.vet,available,72,1%,10,Mathematics,,,
adiabatic.vet,available,72,3%,9,"Engineering,Science",,,
trinity.vet,available,72,18%,7,Religion,,,
existent.vet,available,72,3%,8,"Mathematics,Science",,,
champion.vet,available,72,28%,8,"Entertainment,Health and Fitness,Sports",,,
absolutist.vet,available,72,1%,10,"Humanities,Law,Politics",,,
ninetieth.vet,available,72,1%,9,Mathematics,,,
ternary.vet,available,72,7%,7,Mathematics,,,
improvize.vet,available,72,1%,9,Entertainment,,,
lovely.vet,available,72,26%,6,"Entertainment,Fashion,Retail",,,
abloom.vet,available,72,5%,6,Agriculture,,,
adonic.vet,available,72,2%,6,"Arts,Education,Entertainment",,,
abreast.vet,available,72,2%,7,"Business,Technology",,,
adaptative.vet,available,72,1%,10,"Business,Education,Technology",,,
aching.vet,available,72,4%,6,Healthcare,,,
accusative.vet,available,72,0%,10,"Humanities,Law",,,
trey.vet,available,72,14%,4,Sports,,,
sixtieth.vet,available,72,1%,8,Mathematics,,,
eightieth.vet,available,72,1%,9,Mathematics,,,
engrossed.vet,available,72,1%,9,"Entertainment,Media,Technology",,,
adjectival.vet,available,72,1%,10,Education,,,
accustomed.vet,available,72,1%,10,"Business,Education,Humanities",,,
deep.vet,available,72,41%,4,"Engineering,Mathematics,Science",,,
absorbed.vet,available,72,2%,8,"Entertainment,Media,Technology",,,
addicted.vet,available,72,9%,8,Healthcare,,,
recumbent.vet,available,70,2%,9,"Healthcare,Medicine,Science",,,
abradant.vet,available,70,1%,8,"Construction,Manufacturing",,,
tiptop.vet,available,70,24%,6,Fashion,,,
practiced.vet,available,70,3%,9,"Education,Health and Fitness,Sports",,,
absorbing.vet,available,70,3%,9,"Entertainment,Media,Technology",,,
miserable.vet,available,70,4%,9,Humanities,,,
adjusted.vet,available,70,5%,8,"Manufacturing,Retail,Technology",,,
abulic.vet,available,70,1%,6,Medicine,,,
adored.vet,available,70,6%,6,"Entertainment,Fashion,Retail",,,
lowdown.vet,available,70,6%,8,"Entertainment,Media",,,
accumbent.vet,available,70,1%,9,"Healthcare,Medicine,Science",,,
acuminate.vet,available,70,1%,9,"Engineering,Medicine,Science",,,
admired.vet,available,70,5%,7,"Business,Education,Healthcare",,,
skillful.vet,available,70,9%,8,"Education,Health and Fitness,Sports",,,
gymnastic.vet,available,70,3%,9,"Entertainment,Sports",,,
adamantine.vet,available,70,4%,10,Religion,,,
consequent.vet,available,70,3%,10,"Business,Education,General,Technology",,,
offhand.vet,available,70,2%,7,Entertainment,,,
stillborn.vet,available,70,2%,9,"Medicine,Science",,,
abducent.vet,available,68,0%,8,Medicine,,,
aroused.vet,available,68,3%,7,"Entertainment,Health and Fitness",,,
licensed.vet,available,68,5%,8,"Business,Healthcare,Insurance",,,
abnaki.vet,available,68,1%,6,Geography,,,
sevener.vet,available,68,1%,7,Mathematics,,,
fiftieth.vet,available,68,0%,8,Mathematics,,,
scurvy.vet,available,68,3%,6,Humanities,,,
octonary.vet,available,68,1%,8,Mathematics,,,
ennead.vet,available,68,5%,6,Mathematics,,,
septenary.vet,available,68,1%,9,Mathematics,,,
fortieth.vet,available,68,0%,8,Mathematics,,,
stygian.vet,available,68,5%,7,Humanities,,,
activating.vet,available,68,3%,10,"Healthcare,Manufacturing,Technology",,,
overseas.vet,available,68,12%,8,"Hospitality,Travel",,,
foursome.vet,available,68,4%,8,Sports,,,
vindicated.vet,available,68,2%,10,"Humanities,Law,Politics",,,
aculeate.vet,available,68,1%,8,"Engineering,Medicine,Science",,,
thirtieth.vet,available,68,1%,9,Mathematics,,,
achaian.vet,available,68,2%,7,Humanities,,,
threesome.vet,available,68,5%,9,Entertainment,,,
disciple.vet,available,68,14%,8,"Education,Religion",,,
achaean.vet,available,68,2%,7,Humanities,,,
accredited.vet,available,68,9%,10,"Business,Education,Healthcare",,,
acerate.vet,available,68,1%,7,Science,,,
ablative.vet,available,68,3%,8,Science,,,
abkhas.vet,available,68,0%,6,Geography,,,
aberdonian.vet,available,68,1%,10,Geography,,,
ane.vet,available,68,12%,3,Mathematics,,,
licenced.vet,available,68,2%,8,"Business,Healthcare,Insurance",,,
performing.vet,available,66,6%,10,Entertainment,,,
acrobatic.vet,available,66,4%,9,"Entertainment,Sports",,,
latest.vet,available,66,18%,6,Technology,,,
accessary.vet,available,66,1%,9,"Business,Law,Technology",,,
xviii.vet,available,66,5%,5,Mathematics,,,
six.vet,available,66,26%,3,Mathematics,,,
onec.vet,available,66,6%,5,Mathematics,,,
according.vet,available,66,3%,9,"Business,Education,Technology",,,
acervate.vet,available,66,1%,8,Science,,,
xxv.vet,available,66,6%,3,Mathematics,,,
xxvi.vet,available,66,3%,4,Mathematics,,,
xii.vet,available,66,10%,3,Mathematics,,,
xxi.vet,available,66,10%,3,Mathematics,,,
modish.vet,available,66,5%,6,Fashion,,,
tenner.vet,available,66,5%,6,Finance,,,
xiii.vet,available,66,9%,4,Mathematics,,,
century.vet,available,66,17%,7,Education,,,
xvi.vet,available,66,5%,3,Mathematics,,,
deuce.vet,available,66,9%,5,Sports,,,
four.vet,available,66,27%,4,Mathematics,,,
acappella.vet,available,66,6%,10,Entertainment,,,
fifty.vet,available,66,12%,5,Mathematics,,,
buzzing.vet,available,66,7%,7,"Entertainment,Media,Technology",,,
xxii.vet,available,66,6%,4,Mathematics,,,
thirty.vet,available,66,8%,6,Mathematics,,,
clv.vet,available,66,10%,3,Mathematics,,,
abstinent.vet,available,66,1%,9,"Health and Fitness,Religion",,,
sextet.vet,available,66,1%,6,Entertainment,,,
teenager.vet,available,66,4%,8,"Education,Entertainment,Healthcare",,,
xvii.vet,available,66,5%,4,Mathematics,,,
adopted.vet,available,66,4%,7,"Education,Healthcare",,,
exonerated.vet,available,66,2%,10,"Humanities,Law,Politics",,,
adorned.vet,available,66,5%,7,"Entertainment,Fashion,Retail",,,
ninety.vet,available,66,11%,6,Mathematics,,,
eighty.vet,available,66,6%,6,Mathematics,,,
scatty.vet,available,64,1%,6,"Arts,Entertainment,Media",,,
ccc.vet,available,64,38%,3,Mathematics,,,
rising.vet,available,64,18%,6,"Construction,Manufacturing,Real Estate",,,
acentric.vet,available,64,2%,8,Science,,,
adagio.vet,available,64,14%,6,Entertainment,,,
aflame.vet,available,64,3%,6,Entertainment,,,
nondrinker.vet,available,64,1%,10,"Health and Fitness,Religion",,,
accordant.vet,available,64,3%,9,"Arts,Entertainment",,,
absolved.vet,available,64,1%,8,"Humanities,Law,Religion",,,
astringent.vet,available,64,1%,10,"Healthcare,Pharmaceuticals",,,
deviant.vet,available,64,12%,7,"Medicine,Science",,,
longdozen.vet,available,62,2%,10,Mathematics,,,
adoptive.vet,available,62,1%,8,"Education,Healthcare",,,
wrapped.vet,available,62,13%,7,"Fashion,Hospitality,Retail",,,
aborigine.vet,available,62,1%,9,Humanities,,,
activistic.vet,available,62,1%,10,"Humanities,Politics",,,
chiliad.vet,available,62,2%,7,Mathematics,,,
aufait.vet,available,62,3%,7,"Fashion,Media",,,
adjuvant.vet,available,62,5%,8,"Healthcare,Manufacturing,Technology",,,
eleventh.vet,available,62,5%,8,Mathematics,,,
activation.vet,available,62,16%,10,"Healthcare,Manufacturing,Technology",,,
orso.vet,available,62,9%,5,"Business,Media,Technology",,,
playacting.vet,available,62,1%,10,Entertainment,,,
cumulative.vet,available,62,2%,10,"Banking,Finance,Insurance",,,
roughly.vet,available,62,3%,7,"Business,Media,Technology",,,
abo.vet,available,62,15%,3,Science,,,
eighteenth.vet,available,62,1%,10,Mathematics,,,
ensuant.vet,available,62,1%,7,"Healthcare,Insurance,Transportation",,,
pungent.vet,available,62,1%,7,Food and Beverage,,,
accrued.vet,available,62,2%,7,"Banking,Finance,Insurance",,,
fortyfour.vet,available,62,6%,10,Mathematics,,,
nail.vet,available,62,16%,4,"Construction,Fashion,General,Retail",,,
acidic.vet,available,62,5%,6,"Food and Beverage,Science",,,
accusing.vet,available,62,1%,8,Law,,,
exculpated.vet,available,62,1%,10,"Humanities,Law,Politics",,,
twodozen.vet,available,62,1%,9,Mathematics,,,
sixteenth.vet,available,62,1%,9,Mathematics,,,
troika.vet,available,62,8%,6,Politics,,,
admissible.vet,available,62,1%,10,"Education,Healthcare,Law",,,
octet.vet,available,60,12%,5,Arts,,,
cautionary.vet,available,60,1%,10,"Business,Education,Healthcare",,,
clxxx.vet,available,60,1%,5,Mathematics,,,
cxlv.vet,available,60,2%,4,Mathematics,,,
cxxx.vet,available,60,4%,4,Mathematics,,,
abstemious.vet,available,60,0%,10,"Food and Beverage,Health and Fitness,Hospitality",,,
acceptive.vet,available,60,1%,9,"Education,Healthcare",,,
clxv.vet,available,60,1%,4,Mathematics,,,
cxl.vet,available,60,7%,3,Mathematics,,,
sixty.vet,available,60,13%,5,Mathematics,,,
xcl.vet,available,60,5%,3,Mathematics,,,
eightysix.vet,available,60,7%,10,Mathematics,,,
clxx.vet,available,60,3%,4,Mathematics,,,
adnate.vet,available,60,1%,6,"Agriculture,Manufacturing,Retail",,,
abstainer.vet,available,60,0%,9,"Health and Fitness,Religion",,,
idolised.vet,available,60,1%,8,"Entertainment,Fashion,Retail",,,
cxv.vet,available,60,4%,3,Mathematics,,,
cxxxv.vet,available,60,2%,5,Mathematics,,,
cxx.vet,available,60,10%,3,Mathematics,,,
paunchy.vet,available,60,0%,7,"Health and Fitness,Medicine",,,
abashed.vet,available,60,1%,7,Humanities,,,
idolized.vet,available,60,3%,8,"Entertainment,Fashion,Retail",,,
aboveboard.vet,available,60,5%,10,"Business,Law",,,
adnexal.vet,available,60,1%,7,"Agriculture,Manufacturing,Retail",,,
clxxv.vet,available,60,1%,5,Mathematics,,,
tertiary.vet,available,60,4%,8,Education,,,
annexal.vet,available,60,1%,7,"Agriculture,Manufacturing,Retail",,,
clx.vet,available,60,10%,3,Mathematics,,,
thou.vet,available,60,7%,4,Mathematics,,,
cxxv.vet,available,60,1%,4,Mathematics,,,
tercet.vet,available,59,2%,6,"Arts,Entertainment,Media",,,
abridged.vet,available,58,4%,8,Media,,,
eighter.vet,available,58,2%,7,Mathematics,,,
abuzz.vet,available,58,5%,5,"Entertainment,Media,Technology",,,
lxxx.vet,available,58,2%,4,Mathematics,,,
acyclic.vet,available,58,4%,7,"Engineering,Mathematics,Science",,,
addressed.vet,available,58,3%,9,"Business,Technology,Telecommunications",,,
cypher.vet,available,58,29%,6,Mathematics,,,
hexad.vet,available,58,4%,5,Mathematics,,,
heptad.vet,available,58,1%,6,Mathematics,,,
accented.vet,available,58,3%,8,"Arts,Entertainment",,,
aucourant.vet,available,58,3%,10,"Fashion,Media",,,
adjustive.vet,available,58,1%,9,"Manufacturing,Retail,Technology",,,
pentad.vet,available,58,2%,6,Mathematics,,,
accretive.vet,available,58,6%,9,"Banking,Finance,Insurance",,,
offhanded.vet,available,58,1%,9,Entertainment,,,
adient.vet,available,58,4%,6,"Medicine,Science",,,
seventy.vet,available,58,7%,7,Mathematics,,,
closeto.vet,available,58,3%,8,"Business,Media,Technology",,,
lxxviii.vet,available,58,1%,7,Mathematics,,,
fourth.vet,available,58,13%,6,Mathematics,,,
justabout.vet,available,58,3%,10,"Business,Media,Technology",,,
enwrapped.vet,available,58,0%,9,"Entertainment,Fashion,Media",,,
linear.vet,available,58,22%,6,"Engineering,Mathematics,Science",,,
centesimal.vet,available,58,1%,10,Mathematics,,,
niner.vet,available,58,5%,5,Mathematics,,,
acetic.vet,available,58,1%,6,"Food and Beverage,Science",,,
sixtyone.vet,available,58,3%,9,Mathematics,,,
fourscore.vet,available,58,4%,9,Mathematics,,,
adhoc.vet,available,58,24%,6,"Business,Engineering,Technology",,,
fifth.vet,available,58,12%,5,Mathematics,,,
abandoned.vet,available,58,10%,9,"Construction,Real Estate",,,
seven.vet,available,58,36%,5,Mathematics,,,
alacarte.vet,available,58,11%,10,Food and Beverage,,,
sixer.vet,available,58,5%,5,Sports,,,
abused.vet,available,58,5%,6,"Healthcare,Law",,,
ache.vet,available,58,7%,4,Healthcare,,,
quintet.vet,available,58,8%,7,"Arts,Entertainment",,,
tetrad.vet,available,58,5%,6,Mathematics,,,
accoutred.vet,available,58,1%,9,"Fashion,Manufacturing,Retail",,,
actuarial.vet,available,58,8%,9,"Finance,Insurance,Mathematics",,,
sextuplet.vet,available,58,1%,9,Healthcare,,,
addible.vet,available,58,2%,7,"Engineering,Mathematics,Science",,,
octad.vet,available,58,5%,5,Mathematics,,,
twelfth.vet,available,58,2%,7,Mathematics,,,
xxxi.vet,available,56,9%,4,Mathematics,,,
abeyant.vet,available,56,1%,7,"Business,Law",,,
triad.vet,available,56,15%,5,Arts,,,
xliv.vet,available,56,2%,4,Mathematics,,,
xlii.vet,available,56,5%,4,Mathematics,,,
xlvii.vet,available,56,2%,5,Mathematics,,,
xxix.vet,available,56,4%,4,Mathematics,,,
aone.vet,available,56,15%,5,Food and Beverage,,,
fortysix.vet,available,56,3%,9,Mathematics,,,
xxviii.vet,available,56,1%,6,Mathematics,,,
lvii.vet,available,56,1%,4,Mathematics,,,
xxxvii.vet,available,56,2%,6,Mathematics,,,
thirtytwo.vet,available,56,5%,10,Mathematics,,,
fortytwo.vet,available,56,17%,9,Mathematics,,,
xxxvi.vet,available,56,1%,5,Mathematics,,,
thirtysix.vet,available,56,5%,10,Mathematics,,,
fiftytwo.vet,available,56,6%,9,Mathematics,,,
abdominous.vet,available,56,0%,10,"Health and Fitness,Medicine",,,
liii.vet,available,56,4%,4,Mathematics,,,
fiftysix.vet,available,56,4%,9,Mathematics,,,
fiftyone.vet,available,56,7%,9,Mathematics,,,
xxiv.vet,available,56,5%,4,Mathematics,,,
thirtyone.vet,available,56,5%,10,Mathematics,,,
xliii.vet,available,56,1%,5,Mathematics,,,
xlvi.vet,available,56,3%,4,Mathematics,,,
fortynine.vet,available,56,3%,10,Mathematics,,,
lii.vet,available,56,7%,3,Mathematics,,,
lviii.vet,available,56,1%,5,Mathematics,,,
maledict.vet,available,56,1%,8,Religion,,,
xli.vet,available,56,5%,3,Mathematics,,,
fortyone.vet,available,56,4%,9,Mathematics,,,
xlv.vet,available,56,6%,3,Mathematics,,,
xlviii.vet,available,56,1%,6,Mathematics,,,
admissive.vet,available,56,1%,9,"Education,Healthcare,Hospitality",,,
xxxviii.vet,available,56,1%,7,Mathematics,,,
halfdozen.vet,available,56,1%,10,Mathematics,,,
appressed.vet,available,56,0%,9,"Agriculture,Manufacturing,Retail",,,
potbellied.vet,available,56,0%,10,"Health and Fitness,Medicine",,,
xxxv.vet,available,56,4%,4,Mathematics,,,
xxvii.vet,available,56,3%,5,Mathematics,,,
fiftyfour.vet,available,56,3%,10,Mathematics,,,
admittible.vet,available,56,1%,10,"Education,Healthcare,Hospitality",,,
lvi.vet,available,56,8%,3,Mathematics,,,
xxiii.vet,available,56,5%,5,Mathematics,,,
xxxiii.vet,available,56,2%,6,Mathematics,,,
addled.vet,available,56,2%,6,Entertainment,,,
fiftyfive.vet,available,56,7%,10,Mathematics,,,
ilx.vet,available,56,5%,3,Mathematics,,,
admittable.vet,available,56,1%,10,"Education,Healthcare,Hospitality",,,
xxxiv.vet,available,56,1%,5,Mathematics,,,
xxxii.vet,available,56,1%,5,Mathematics,,,
terzetto.vet,available,56,3%,8,Arts,,,
fiftynine.vet,available,56,4%,10,Mathematics,,,
accoutered.vet,available,56,0%,10,"Fashion,Manufacturing,Retail",,,
accursed.vet,available,54,3%,8,"Entertainment,Media,Religion",,,
abatic.vet,available,54,1%,6,Science,,,
abhorrent.vet,available,54,1%,9,Humanities,,,
adjuratory.vet,available,54,0%,10,"Law,Politics,Religion",,,
vii.vet,available,54,13%,3,Mathematics,,,
fin.vet,available,54,30%,3,Finance,,,
abaxial.vet,available,54,1%,7,Science,,,
abducens.vet,available,54,1%,8,Medicine,,,
iii.vet,available,54,24%,3,Mathematics,,,
threescore.vet,available,54,1%,10,Mathematics,,,
scratchy.vet,available,54,3%,8,Fashion,,,
monitory.vet,available,54,3%,8,"Business,Education,Healthcare",,,
adducent.vet,available,54,1%,8,"Engineering,Mathematics,Science",,,
deserted.vet,available,54,3%,8,"Hospitality,Real Estate",,,
ternion.vet,available,54,3%,7,Mathematics,,,
quadruplet.vet,available,54,1%,10,"Healthcare,Medicine,Science",,,
adpressed.vet,available,54,0%,9,"Agriculture,Manufacturing,Retail",,,
adaxial.vet,available,54,2%,7,Science,,,
achromatic.vet,available,54,4%,10,Science,,,
quatern.vet,available,54,2%,7,Mathematics,,,
topnotch.vet,available,54,18%,8,Business,,,
abasic.vet,available,54,1%,6,Science,,,
acoustical.vet,available,54,4%,10,Science,,,
fortyfive.vet,available,54,4%,10,Mathematics,,,
abatable.vet,available,54,1%,8,Law,,,
quintuplet.vet,available,54,1%,10,"Healthcare,Medicine,Science",,,
actuated.vet,available,54,2%,8,"Automotive,Manufacturing,Technology",,,
sise.vet,available,54,5%,4,Mathematics,,,
unnatural.vet,available,54,4%,9,"Medicine,Science",,,
achy.vet,available,54,3%,4,Healthcare,,,
aboral.vet,available,54,2%,6,Science,,,
adducting.vet,available,54,1%,9,"Engineering,Mathematics,Science",,,
deuceace.vet,available,54,2%,9,Sports,,,
quaternion.vet,available,54,6%,10,Mathematics,,,
admonitory.vet,available,54,0%,10,"Business,Education,Healthcare",,,
quaternity.vet,available,54,4%,10,Mathematics,,,
accentual.vet,available,54,3%,9,"Arts,Entertainment",,,
viii.vet,available,54,6%,4,Mathematics,,,
twoscore.vet,available,54,2%,8,Mathematics,,,
adductive.vet,available,54,0%,9,"Engineering,Mathematics,Science",,,
abient.vet,available,54,1%,6,Science,,,
xxx.vet,available,53,30%,3,"Arts,Entertainment,Media",,,
sestet.vet,available,53,1%,6,Arts,,,
septet.vet,available,53,1%,6,General,,,
lxxxvii.vet,available,52,1%,7,Mathematics,,,
sixtyfour.vet,available,52,3%,10,Mathematics,,,
lxii.vet,available,52,1%,4,Mathematics,,,
lxvii.vet,available,52,1%,5,Mathematics,,,
lxxxiii.vet,available,52,1%,7,Mathematics,,,
lxi.vet,available,52,5%,3,Mathematics,,,
chagrined.vet,available,52,1%,9,Humanities,,,
sixtytwo.vet,available,52,3%,9,Mathematics,,,
odious.vet,available,52,2%,6,"Entertainment,Humanities",,,
sixtyfive.vet,available,52,3%,10,Mathematics,,,
ninetysix.vet,available,52,4%,10,Mathematics,,,
xcv.vet,available,52,7%,3,Mathematics,,,
xcviii.vet,available,52,1%,6,Mathematics,,,
lxvi.vet,available,52,3%,4,Mathematics,,,
abusive.vet,available,52,3%,7,"Healthcare,Law",,,
abominable.vet,available,52,2%,10,"Entertainment,Humanities",,,
xci.vet,available,52,4%,3,Mathematics,,,
repugnant.vet,available,52,1%,9,Humanities,,,
ninetytwo.vet,available,52,4%,10,Mathematics,,,
detestable.vet,available,52,1%,10,Humanities,,,
aboulic.vet,available,52,1%,7,Medicine,,,
lxxvii.vet,available,52,2%,6,Mathematics,,,
lxxiv.vet,available,52,1%,5,Mathematics,,,
lxxiii.vet,available,52,1%,6,Mathematics,,,
xcvi.vet,available,52,2%,4,Mathematics,,,
eightytwo.vet,available,52,4%,10,Mathematics,,,
repulsive.vet,available,52,1%,9,Humanities,,,
ixl.vet,available,52,9%,3,Mathematics,,,
lxiv.vet,available,52,3%,4,Mathematics,,,
lxxxiv.vet,available,52,1%,6,Mathematics,,,
lxv.vet,available,52,5%,3,Mathematics,,,
lxviii.vet,available,52,1%,6,Mathematics,,,
abysmal.vet,available,52,4%,7,"Arts,Entertainment,Media",,,
lxiii.vet,available,52,2%,5,Mathematics,,,
tierce.vet,available,52,3%,6,General,,,
lxxv.vet,available,52,1%,4,Mathematics,,,
ninetyone.vet,available,52,5%,10,Mathematics,,,
lxxxv.vet,available,52,1%,5,Mathematics,,,
littlejoe.vet,available,52,2%,10,"Entertainment,Media",,,
sixtysix.vet,available,52,4%,9,Mathematics,,,
decumbent.vet,available,52,1%,9,"Healthcare,Medicine,Science",,,
adenoidal.vet,available,52,1%,9,"Health and Fitness,Medicine,Science",,,
ablated.vet,available,52,1%,7,Science,,,
xciv.vet,available,52,2%,4,Mathematics,,,
lxxxii.vet,available,52,1%,6,Mathematics,,,
lxxxi.vet,available,52,1%,5,Mathematics,,,
lxxii.vet,available,52,1%,5,Mathematics,,,
xcvii.vet,available,52,1%,5,Mathematics,,,
ixc.vet,available,52,5%,3,Mathematics,,,
lxxxvi.vet,available,52,1%,6,Mathematics,,,
eightyone.vet,available,52,3%,10,Mathematics,,,
abstruse.vet,available,52,5%,8,"Humanities,Mathematics,Science",,,
uphill.vet,available,52,7%,6,"Sports,Transportation,Travel",,,
xcii.vet,available,52,2%,4,Mathematics,,,
lxxi.vet,available,52,1%,4,Mathematics,,,
xciii.vet,available,52,1%,5,Mathematics,,,
lxxvi.vet,available,52,1%,5,Mathematics,,,
abducting.vet,available,50,0%,9,Medicine,,,
aborticide.vet,available,50,0%,10,Medicine,,,
acapnotic.vet,available,50,0%,9,"Healthcare,Medicine,Science",,,
acellular.vet,available,50,1%,9,Science,,,
abbatial.vet,available,50,0%,8,Religion,,,
quint.vet,available,50,13%,5,"Arts,Entertainment",,,
scummy.vet,available,50,1%,6,Humanities,,,
abdicable.vet,available,50,0%,9,Law,,,
lxx.vet,available,50,5%,3,Mathematics,,,
vinegary.vet,available,50,1%,8,Food and Beverage,,,
acerbic.vet,available,50,2%,7,"Arts,Humanities,Media",,,
acetose.vet,available,50,1%,7,Science,,,
acapnic.vet,available,50,0%,7,"Healthcare,Medicine,Science",,,
spinous.vet,available,50,1%,7,"Agriculture,Science",,,
broached.vet,available,50,0%,8,Food and Beverage,,,
needlelike.vet,available,50,0%,10,"Engineering,Medicine,Science",,,
acetous.vet,available,50,1%,7,Science,,,
trine.vet,available,50,11%,5,"General,Religion",,,
adhominem.vet,available,50,2%,10,"Humanities,Law,Politics",,,
acerose.vet,available,50,1%,7,Science,,,
ogdoad.vet,available,50,1%,6,Mathematics,,,
adactylous.vet,available,50,0%,10,Science,,,
acaudal.vet,available,50,1%,7,"Agriculture,Science",,,
triplet.vet,available,50,8%,7,Science,,,
cinque.vet,available,50,7%,6,Mathematics,,,
gillless.vet,available,50,0%,9,Science,,,
aculeated.vet,available,50,0%,9,"Engineering,Medicine,Science",,,
abactinal.vet,available,50,0%,9,Science,,,
acquitted.vet,available,50,1%,9,Law,,,
acerb.vet,available,50,2%,5,Science,,,
abranchial.vet,available,50,0%,10,Science,,,
abomasal.vet,available,50,0%,8,Agriculture,,,
ilxxx.vet,available,48,1%,5,Mathematics,,,
notguilty.vet,available,48,5%,10,Law,,,
ilxx.vet,available,48,1%,4,Mathematics,,,
abstracted.vet,available,48,5%,10,"Arts,Humanities,Science",,,
lxxxviii.vet,available,48,1%,8,Mathematics,,,
abyssal.vet,available,48,12%,7,"Arts,Entertainment,Media",,,
apriori.vet,available,48,13%,8,Mathematics,,,
execrable.vet,available,48,0%,9,"Entertainment,Humanities",,,
acicular.vet,available,46,2%,8,Science,,,
cotyloid.vet,available,46,1%,8,Science,,,
acarpelous.vet,available,46,0%,10,"Agriculture,Science",,,
vinegarish.vet,available,46,1%,10,Food and Beverage,,,
stripling.vet,available,46,2%,9,"Education,Entertainment,Healthcare",,,
achenial.vet,available,46,1%,8,Science,,,
acetylenic.vet,available,46,1%,10,Science,,,
achromic.vet,available,46,2%,8,Science,,,
acanthotic.vet,available,46,0%,10,"Agriculture,Science",,,
acanthous.vet,available,46,0%,9,"Agriculture,Science",,,
acetonic.vet,available,46,1%,8,Science,,,
stemless.vet,available,46,2%,8,"Agriculture,Science",,,
acetylic.vet,available,46,1%,8,Science,,,
acanthoid.vet,available,46,1%,9,"Agriculture,Science",,,
acephalous.vet,available,46,1%,10,Science,,,
acetabular.vet,available,46,1%,10,Science,,,
acarpous.vet,available,46,0%,8,"Agriculture,Science",,,
acapnial.vet,available,46,0%,8,"Healthcare,Medicine,Science",,,
quaternary.vet,available,46,3%,10,Mathematics,,,
acheronian.vet,available,46,1%,10,Humanities,,,
achromous.vet,available,46,1%,9,Science,,,
acaudate.vet,available,46,1%,8,"Agriculture,Science",,,
theabsurd.vet,available,46,1%,10,"Arts,Entertainment,Media",,,
accusatory.vet,available,44,1%,10,Law,,,
acherontic.vet,available,44,1%,10,Humanities,,,
cotyloidal.vet,available,44,1%,10,Science,,,
phoebe.vet,available,41,14%,6,Science,,,
abscessed.vet,available,41,0%,9,Healthcare,,,
accurst.vet,available,40,1%,7,Religion,,,
scurrilous.vet,available,40,1%,10,"Entertainment,Media,Politics",,,
accusive.vet,available,40,1%,8,Law,,,